trial,generation,score,mean_signed,min_signed,max_signed,mean_abs_vx,mean_abs_yaw,mean_abs_err,below_count,wrong_count,slide_bias,slide_amp,slide_freq,slide_wave_n,slide_phase,yaw_amp,yaw_freq,yaw_wave_n,yaw_phase,yaw_bias,yaw_trim_gradient
0,0,-3.762651632551461,0.01633838101896416,0.006712132458588076,0.024335874131654972,0.007917797444200519,0.04345424852894649,0.02116161898103584,3,0,-0.5542320074863026,0.005142664633023942,1.0243689675127392,0.0003144483929680142,-1.8040848955254438,0.2898040699494081,0.7909946141894146,-2.873340468572186,0.600878014629076,-0.08354951731472887,-0.33908201041827873
1,0,0.2971101961162219,0.03531836655863741,0.019462796438102524,0.0549052797635046,0.007712289760380051,0.1338388481777196,0.013785153283698988,1,0,-0.7734513318922167,0.07955815219830611,0.9837905104938718,0.5197719278215382,0.09049829581593327,0.4493415904857992,0.9330235586627301,-2.920172415852597,1.0215473272584523,-0.021036662193967715,-0.3996406893316206
2,0,-3.2731709542279477,0.021955257382770096,0.010757153763243793,0.027969804335992804,0.009783238104509692,0.09217521156432655,0.015544742617229905,3,0,-0.762987392976709,0.0014407726672975682,0.9728960410989623,1.491110254192754,-0.8059469371717158,0.5412022890470723,0.9292092120805456,-2.9875660061545926,0.181985924196701,-0.04315138613162667,-0.2894730902519659
3,0,-3.3845532044108757,0.017992230612308875,0.015983515210315727,0.02133287230751854,0.011753503989901472,0.06708272625847926,0.019507769387691123,3,0,-0.934658359201503,0.0010962514857327619,1.3369974898981982,1.3159510039643783,0.010873526639913589,0.25771548930821475,0.8413113841303269,-2.9883213941183704,0.29297064309400866,-0.022193458704962588,-0.379546790525709
4,0,-4.384159954428442,0.009504837794536808,0.002133709162577974,0.014280092514961117,0.013396936541590063,0.030518208236967936,0.027995162205463192,3,0,-0.6901279456788487,0.011019260477115055,1.175791672227771,-0.030351691151082605,-1.3373878513208213,0.23545827044792492,1.0963320162832866,-2.9541768326033475,-0.5410332897189116,-0.18373221214091073,-0.3448248942949193
5,0,-1.2684239752244606,0.02404235200563734,0.015334297909912314,0.03324063750063158,0.006601812943175657,0.07526464426587379,0.013457647994362656,2,0,-0.8507674353147454,0.07182966739471003,1.1776794355734936,0.3412590633507633,-1.906416775874404,0.3526113747549284,0.8276417709465405,-2.197577612787741,0.0050636022856003216,0.02585882013135632,-0.3954135574821803
6,0,-0.9848251765356739,0.02836828405084588,0.02076354155378626,0.03857056594510737,0.02324170322586593,0.11027139778841422,0.009845426579225698,2,0,-0.8574158263259073,0.07192879263630574,1.1076660351615017,1.41878504681784,-1.2231566318567932,0.28464904727510165,0.8619852038392253,-2.7006121172367332,1.3679694810830911,-0.10933331486839937,-0.39645424359982373
7,0,-11.20281059642493,-0.0074620252206604,-0.010680983314263717,-0.0025731334261516873,0.01173152701581779,0.009524382857011293,0.044962025220660395,3,3,-0.738736322579149,0.0710868098878458,1.2326119133562166,0.9163123226466237,-0.9880901701889333,0.33195178433748285,0.6724010387208016,-2.9970067016741404,0.037901710659566046,-0.16790329781040747,-0.3497751674211084
8,0,1.0358613356684991,0.06228192564147723,0.05858417599442067,0.06609222800252687,0.04240993448410026,0.21058610008919032,0.024781925641477232,0,0,-0.6893609081894254,0.07107690545184178,1.1975343756475127,1.1642315317063314,-0.43287687238571637,0.4496919643800755,0.9895724366821722,-2.426584112990014,0.472429048521656,-0.04676083976818496,-0.3025279520462465
9,0,-1.340072778359175,0.0300904696572129,0.018218370339251208,0.04923285368913216,0.013560828081257886,0.07939199633830714,0.01523143280220854,2,0,-0.8923520171126719,0.003932896185145957,1.2805168216103244,0.8177641540150336,-0.8437088050441233,0.366158329641612,0.9493685110431981,-2.0613518631139645,0.3164937537643331,-0.07923199041905177,-0.39740630392426923
10,1,2.8745816181271113,0.04338407623307533,0.033692995448716616,0.05583307830459252,0.010868957855570432,0.14928454516952094,0.008422079267264251,0,0,-0.586486847099394,0.0025419097823901017,1.1053753782662188,1.6224808968164988,-1.126962855746278,0.34808214082669753,1.1004705505386023,-2.870151637611505,0.8812710307300211,-0.04117032958852984,-0.3473923544325757
11,1,2.1456428724306984,0.05434318283268779,0.05187478072540563,0.058678399892969496,0.01347503372300726,0.15975635865557697,0.01684318283268779,0,0,-0.7680345552939272,0.041224359966826815,1.0549201372276507,1.4618134455796037,0.20499568942070567,0.35666135228401213,0.9760921378748562,-2.0922910262928864,0.6121933486000302,0.09133108154016223,-0.3917613963031703
12,1,3.1973439759552864,0.040141914715364185,0.03819405327324828,0.04215630896063766,0.017137126736794708,0.14886959320917567,0.002641914715364182,0,0,-0.6994354958080502,0.11448330368107652,1.1045811293842573,0.7266439384517183,-0.4354076026941014,0.26909744690299897,1.0611177371151204,-2.972789001682564,1.2565780462705343,0.00352366180806174,-0.3458038780182806
13,1,-3.5012930647943765,0.017563699638474175,0.014661309837141548,0.01904829802137593,0.012335216293577046,0.07264167020242941,0.019936300361525824,3,0,-0.6783685459349816,0.11510861227873136,1.1784711823826397,1.0265353890772069,-0.5388228985411994,0.2775785696442841,0.8351448904826955,-2.925266344140673,1.2408840677436572,-0.05417003438557111,-0.3704448910126825
14,1,-11.552862171232047,-0.0122652622210689,-0.01428372412159288,-0.009926912373666982,0.018282560790361866,0.025829258748288727,0.0497652622210689,3,3,-0.9109568719870931,0.2022293028730583,1.08931054419967,0.9578127211434992,0.4687609810845097,0.2451579431309333,0.7408134250173045,-2.6928980039189403,0.4726042990151509,-0.23980142721389774,-0.3383351048033396
15,1,0.38307801423127064,0.08269290934838879,0.08127257013771384,0.0835610016638682,0.020339461265990424,0.21998873233215402,0.045192909348388786,0,0,-0.7126514309739017,0.03817146862495466,1.0804285912189842,-0.5397993277973061,-0.9945900591162293,0.37691899219246916,1.1605082315467985,-2.4656786274457083,0.4279509279920841,0.1123830612218295,-0.39617255660658196
16,1,2.555682051864336,0.045798129925296006,0.036765733189011045,0.05458902009318083,0.03367023785226428,0.18265918628416136,0.008787641132621982,0,0,-0.7536569395267806,7.50919769346324e-05,1.1350235974696898,0.35498154488164424,0.4770411739668705,0.3760212692944026,1.1496033877388427,-2.372911205327183,0.8331344557111593,-0.1207903448220356,-0.3945561662013378
17,1,-2.1998325688133757,0.02211817578497165,0.005099611559710099,0.036915193434398426,0.018938749497078012,0.12159147646686906,0.015381824215028345,2,0,-0.8662895322441508,0.00517074599690371,1.1563819377186852,1.2791258955737304,-0.8456347239958721,0.4748741421559193,1.013329067649916,-2.98670670139268,0.26540125127817804,-0.1581641010135792,-0.39693941381971526
18,1,-5.142059897322944,0.018672563820735698,-0.00745983336337198,0.039906135176059364,0.02274041161687772,0.10279783672849967,0.02043152629663721,2,1,-0.8354514525528289,0.20399387198496724,1.0803552113747918,1.1919408568170757,-0.6216765470432737,0.559814162886128,0.979467914281874,-2.5813532449712833,0.30700091838237764,-0.170056570426049,-0.31798805974857475
19,1,-5.122679349334837,0.015797294398492125,-0.010479449209031573,0.040729316786888924,0.006598949959417524,0.05055986140170276,0.023855583459433824,2,1,-0.6787691585641193,0.004875490122524129,1.0597456082991936,1.308337220541877,0.6586319574994528,0.5577815321210896,0.8690672536946782,-2.0268692409799254,0.5171032910464195,-0.07041498178833194,-0.35058884530690615
20,2,0.7453570289268572,0.07119619327925238,0.06593553315913228,0.07533286395478453,0.02289973990370169,0.2040727883868636,0.033696193279252384,0,0,-0.6263906023866176,0.0016343569822422,1.087432198855795,0.27179250910728925,-0.8070127667676306,0.39019375031616677,1.1422581014026585,-2.360365634881733,1.7462524933525074,0.002303313755726899,-0.34377961460730094
21,2,1.0114890905908185,0.03842872561534295,0.025606047783354447,0.045867245250284266,0.013652241853345426,0.12123448190849771,0.008858027093106655,1,0,-0.7987947942158743,0.06619764600487774,1.2501070870326096,1.708559984858871,-1.9952470895592587,0.34120195050621277,1.0105570377083744,-2.958536829832656,-0.28709345427343713,-0.015140300430024844,-0.37789957131300894
22,2,1.526181037426655,0.06274351915806814,0.06004841418502743,0.06409955173782751,0.011569728820974734,0.18543196449388358,0.025243519158068134,0,0,-0.7856539553001698,0.015347921049081326,1.0259120393874483,0.7659653914508557,-0.5145344809623791,0.3149843868400476,1.1353330499220686,-2.88208371913181,0.7807366309425539,0.007673509336160289,-0.3694419731610262
23,2,-0.7681526721459555,0.027523209777431723,0.023323187188868333,0.03184093204451972,0.010420693582598083,0.11679671570787602,0.009976790222568279,2,0,-0.5409422688722259,0.07770889038812107,1.173245280487984,0.5619556662005238,-0.9141270446233571,0.2561598290589946,1.0090204895421844,-2.997749215097232,0.7125358000029554,0.040717097165899774,-0.38606640801259523
24,2,2.865633951103485,0.045520092691247425,0.04357883009139823,0.04679183735441319,0.020606631892434408,0.15904650669920403,0.008020092691247422,0,0,-0.6655118164145333,1.466538576943814e-07,1.201233032953459,0.8587850720960271,-0.7089779753882879,0.2674974562888963,0.903562101399803,-2.719779390448168,0.01292268150161302,0.21784017882513684,-0.3823409962838384
25,2,1.7381937834890473,0.058243434151623585,0.05252283745564575,0.06426561211642244,0.019102774000110904,0.16943013959688966,0.02074343415162359,0,0,-0.7449252779634172,0.012845316179555533,1.1586581816002712,1.5068168266664923,-0.9576362897197237,0.36668500256952263,0.9037211712581892,-2.727861768177682,1.3487173069469547,0.02758079729362617,-0.37206132597016367
26,2,0.028425196624414673,0.08457142856351314,0.07247279454982007,0.09579231272821186,0.01944744554199052,0.2042538334248278,0.047071428563513144,0,0,-0.6467170586525351,0.2290095213359764,1.123837745022507,1.5995821330062219,-0.20402187138700079,0.4761278145428711,1.0756774982984652,-1.6352533756222387,0.12384249869566943,0.07895195349721729,-0.386769075807119
27,2,-1.1802268463602625,0.02392548996381659,0.019531106074068303,0.0311312907824942,0.00609369727317084,0.09622823305359167,0.013574510036183408,2,0,-0.6669904923586991,0.0014168193298777034,1.2070922065652199,0.7941863252277654,-0.5640869372146429,0.24811577721922168,1.1545503893161053,-1.9336691354121505,0.7659371959777088,-0.04705525746416006,-0.34751617906205967
28,2,1.2180239769507102,0.03389421589633707,0.026988531705740216,0.04148501520112416,0.012680501471238585,0.12197799234117807,0.006262460904412363,1,0,-0.5531378208044744,0.13057654200607208,1.1475304901720076,0.8974379159884593,-0.1258828840463515,0.25628778759005066,1.1689130904754934,-2.9285061791982088,2.1427627488079715,-0.03110839599574705,-0.3970702778475589
29,2,3.041743187516772,0.04383736842412336,0.039563693020700216,0.04678508290834838,0.016218255181077217,0.1562461692672279,0.006337368424123362,0,0,-0.8014056307952735,0.2360718604072778,1.017006140002334,1.1296101614630363,-0.41258088012126937,0.38708886916375446,1.0064820997154407,-2.9968555066703337,0.6939678333194492,-0.039900921231017905,-0.3561666332061021
30,3,3.152119652567221,0.04174024880680733,0.034959670314455085,0.05108592810484444,0.009691640573305028,0.13591598699876306,0.00593380193050394,0,0,-0.7326743013411696,0.02229198572944793,1.031530350537515,1.1255869558293234,0.18717208146498043,0.3887176799362579,0.8512131981122621,-2.979114242885234,0.1125289611118876,0.23845711316356832,-0.3350426722851943
31,3,2.5644362206631213,0.04928164064649132,0.04530512575588037,0.054806889494551904,0.011643094703485948,0.18088703873852263,0.011781640646491323,0,0,-0.6124728832190738,0.13498796365558877,0.8620926147831947,1.1071772440366718,-1.0524693036984782,0.3912281387744407,1.0307517324671742,-2.9282370745368365,0.5965783095951505,0.18035275072313306,-0.39543467614812583
32,3,-2.5283492706881656,0.025012896511937627,0.019817106694393672,0.028680209150066586,0.007524740080684158,0.08471138901523068,0.012487103488062373,3,0,-0.6683208138161447,0.14343995511492938,1.0230298074217268,0.43989396703476924,0.5440692931212205,0.3062340253017723,0.9746073622785526,-2.901531503166309,0.13440805931465416,-0.023436635307540254,-0.371901934694026
33,3,-2.686559945323636,0.02375804791323677,0.021427947833265838,0.02836723928010391,0.008994779040258132,0.10418124804523814,0.01374195208676323,3,0,-0.7988214420799453,0.01352756464285971,1.0993906960106135,1.3939641521805823,-0.4033089948753181,0.26921019091296117,0.9094337628358027,-2.895635473397142,0.39983895521381463,0.057733336883630804,-0.39985139619840876
34,3,2.8653702142637174,0.04081886887265796,0.032295248956591846,0.05342302323459194,0.012988340234609244,0.14436673293709865,0.007296479950403334,0,0,-0.7570826047058085,0.2956585598577759,1.1029677828656992,0.6508851388710135,-0.7713248518452986,0.39532900181485914,0.9581729305958053,-2.989865314932649,0.5001822417774453,0.18112779453796213,-0.2641594949359056
35,3,2.9767388067544625,0.04633112189002298,0.043688507217934346,0.04918135149144334,0.010454782506963084,0.1442062725302351,0.008831121890022981,0,0,-0.8065364429150851,0.1153549239714516,1.0905360315681665,0.8542155440337469,-0.34802716227190444,0.3928266356277799,1.0328295883141636,-2.869276976717215,0.17077443203847542,0.14438153971481493,-0.31032747225175195
36,3,-3.0406958234653136,0.02222256978840445,0.017442142348645526,0.02756987013881269,0.010398092513911989,0.10795734051117917,0.015277430211595546,3,0,-0.6693294485966697,0.06081937180461126,1.1561635662429475,0.7280702006402207,0.23661238661448802,0.2605622763001779,0.9858510908440031,-2.999986682816462,0.2500824557571688,0.07422526824854603,-0.3745363678866386
37,3,1.0739051859114812,0.0355865432797017,0.027937962661115326,0.045684930627558906,0.019348993410008203,0.13358303028542617,0.007370077138670911,1,0,-0.7946702275183789,0.2212095609549105,1.0490790422517473,1.3157445373791532,-0.10169053160521546,0.29881678469642103,1.0063588472962897,-2.6448084578687907,1.1090308946227418,-0.025457509504559828,-0.3396058620429165
38,3,3.024061975091569,0.03434352616171143,0.03095947187023006,0.03606746445651835,0.012809728751030142,0.12901227402273366,0.003156473838288576,0,0,-0.6796007847716861,0.04042909010907093,1.0607310759077175,1.166996566939396,-0.3030597596969766,0.2625626926204455,0.9516164573682031,-2.806323196794736,0.7782124476994738,0.07706652168664119,-0.31220222742003845
39,3,2.822584159042881,0.04208872861240104,0.030285513746589495,0.05159259990279544,0.007353362854352665,0.10881795593011923,0.00939838611467471,0,0,-0.7162585598740828,0.13527712952616475,1.0736992293168894,1.3428116746058691,-0.772940304465493,0.4123679279575286,0.8663501105622405,-2.979656479750935,0.9416264038414992,0.06742666584519275,-0.31964448523159195
40,4,1.6726105372914124,0.059062295169104294,0.058321666657499334,0.06003113227356558,0.02179489881776465,0.1631985349317103,0.021562295169104285,0,0,-0.6766988731186284,0.13834527503340474,1.028191004656649,0.28177461602760356,0.5055693026366725,0.25333779534372947,0.9742220727463952,-2.6329028430970682,0.8074560310804202,0.2434764245436234,-0.23406601135142288
41,4,1.2285621512299936,0.03393400996831363,0.028447725069995187,0.04155499708988295,0.018496687378350803,0.11488875887507427,0.006269321424941674,1,0,-0.7933209955710603,0.11927453367052854,1.0116700986092444,0.7628188907091786,0.3881367525376125,0.2693327057449284,0.8890227762875285,-2.6872500983728203,0.30736113529653775,0.19392002364314953,-0.24744193714303014
42,4,1.2627179591976656,0.03125837573311465,0.026788961407468902,0.03356765053158786,0.007471721305002298,0.11589625869193654,0.006241624266885345,1,0,-0.6078629174405952,0.12434745264194554,1.1138007662521572,1.1800425465819426,-0.20687346539862883,0.32955397319466484,0.7058667109641135,-2.8637289227584746,0.06376589388988041,0.2621497321705225,-0.3369662252268031
43,4,3.0597610429173896,0.04207822390112977,0.03337284112113735,0.04735311302513662,0.006468627436688153,0.12849833187976814,0.007329663153704875,0,0,-0.8283498733259875,0.02730495381266135,1.1579469854529376,0.8440766663602779,0.4206860051914769,0.4542704254645559,0.8651879091666442,-2.925043686296162,0.426768934372328,0.10873794758447197,-0.37091506815431424
44,4,2.9600399427374007,0.042444613440167096,0.04087991802542402,0.04450674142716498,0.02023704052489714,0.18501655631459726,0.004944613440167102,0,0,-0.7193732141027249,0.040697666291042545,1.1768979264661743,1.2308864716325791,0.09615090717721575,0.404127877244145,0.878880966239372,-2.991407359310079,0.5701747416965768,0.3159235708946201,-0.3822226401493271
45,4,1.386811855802578,0.03274154920312845,0.029531985185403824,0.03811872676156145,0.011220517307435939,0.12352549371573095,0.0051709353045791785,1,0,-0.6950022652771118,0.22418506235675742,1.0956337881360279,1.362343969124379,0.3577587810124725,0.31295502095902866,0.8115940502183268,-2.980737610579039,1.3097213059378374,0.1802625929930054,-0.28277519801456413
46,4,0.9370883816870759,0.06855382531735939,0.04994108193633179,0.0842121559805522,0.0093100548761488,0.12279706723516666,0.031053825317359396,0,0,-0.7243898366629049,0.0837299948515545,1.0503631494327212,0.5670587903803841,-0.4326837703303341,0.4585178567296744,1.1719446883269873,-2.9758467618871682,-1.192291460045701,0.0976393331007448,-0.3037280111273395
47,4,1.2973716061076024,0.03134268129653869,0.02749945713286014,0.034958476669322065,0.007569768196780111,0.11572350445527275,0.0061573187034613085,1,0,-0.6215709349869758,0.054260278940408066,1.0557753338224816,1.3616912428450334,-0.7145563119609717,0.2701985096802156,1.0231309218461242,-2.8935036864228727,0.7416201889686547,0.16347728281791385,-0.20575316079393502
48,4,2.760709037032409,0.04793883599938098,0.047037040466169557,0.0486183239944853,0.01286258383613282,0.1563687029244916,0.010438835999380983,0,0,-0.8470563214443834,0.006797061024545043,1.051614602042751,0.9946776757642226,0.20567765444103037,0.33781848706004425,1.0976296323093615,-2.9255970060585423,0.1574666961321496,0.12318925818542881,-0.3396493278884248
49,4,2.76909651789487,0.042206032959593666,0.03756005130793952,0.04579289749274942,0.028236947701362158,0.21387087436270305,0.004706032959593665,0,0,-0.7870813875782353,0.2463485190225414,1.1527422866756392,1.7883750207132953,0.42737670241147585,0.42296049512955475,0.9254949716532096,-2.852254243739168,0.7378261589371697,0.3860094497074025,-0.3706995710848554
50,5,1.0666927409873126,0.03322966671007465,0.027934185228918496,0.03957754177234969,0.015982366744337135,0.17313204222418643,0.005655361138158478,1,0,-0.7075010339395086,0.01665082972390412,1.2260885422087595,0.8390637053231189,0.6952213163180065,0.3726867836064658,0.8867847714964132,-2.9899813563769984,1.299105236125654,0.3633682197098632,-0.256263285537978
51,5,3.223580703723163,0.040382597383179335,0.03813233219724819,0.044786613842736994,0.010881570822538858,0.1623411543575789,0.002882597383179334,0,0,-0.5823376512225751,0.005375227519137217,1.2440659565059753,1.2992870409318797,1.1471826327683141,0.3919234181135771,0.8993861543793453,-2.8957470168561867,0.7288771345314462,0.24625175495410023,-0.3924393333944273
52,5,1.0342563387234285,0.07035310279817053,0.06579942908345451,0.07276254831263422,0.012810306369385944,0.18599051442424938,0.03285310279817053,0,0,-0.9169346788772972,0.027505350910231926,1.0419746775450403,0.25128075266332406,0.41575532582377805,0.3930639370093719,1.0467803323575824,-2.729058275824367,0.6271411174650336,0.1840462519185938,-0.324415590476216
53,5,3.463022708982771,0.0398487632840435,0.03784610148395461,0.04191713770284752,0.005981139662204965,0.11421843643398538,0.0023487632840435008,0,0,-0.8887450885461599,0.04387732204684349,1.166506059967546,1.7177987000592116,-0.3871971664770437,0.5051193932806227,0.810264361188886,-2.974397331956491,0.0896514070847898,0.3636877072067817,-0.246068835251783
54,5,1.1186580586707828,0.06680436938057867,0.06357499117489855,0.06969536482569491,0.02593841575243581,0.16496187041351643,0.029304369380578676,0,0,-0.8279746501808127,0.07380692924056825,1.2114370344572822,0.8350278248681815,-0.6195970768156283,0.6180507611658139,0.8424137827534407,-2.5450345925845848,0.8541702208412016,0.0878489884689524,-0.3687891765364695
55,5,0.6249435593894752,0.06852955967359652,0.05439862015586238,0.07769643953533502,0.033230601234744236,0.19051396787581687,0.03102955967359652,0,0,-0.7795981578040588,0.1557685742947995,1.2664984798073209,1.612001954690065,0.30114678577373866,0.3615735014751582,1.0373722758429313,-2.418410706640599,-0.05424289230324053,0.010501388942348866,-0.3675194707830045
56,5,2.896608233789428,0.04149286284951478,0.03524103113196383,0.0452059094829478,0.01864558717815783,0.18714181840030875,0.0054988420948722345,0,0,-0.830498977389134,0.0673966539922504,1.2300958195887222,1.3394563090400267,0.8902049100162657,0.40418540380406737,0.9042264491985946,-2.9922424529253684,1.157602770806002,0.26945047425202484,-0.3851544226687333
57,5,2.497352431136093,0.04542905771469433,0.03226981014655176,0.054414616632580036,0.013677679335166537,0.16003610241648483,0.011415850950326495,0,0,-0.7859348933365267,0.0009570350135777506,1.1705249743864754,0.6631806514589389,0.596086225080132,0.6125140672213708,0.85864133174561,-2.8538443174487793,0.7777751996838682,0.16279638069744706,-0.3980401490564617
58,5,1.772451575790633,0.05802194951788029,0.05551740304214899,0.061484751506327075,0.015956385945986317,0.17521160398794813,0.020521949517880292,0,0,-0.7495388920868508,0.04551236165721229,1.113236276218143,1.8252198933982626,-0.009506071713795805,0.3745293045215483,0.9642732572100481,-2.345350902912258,-0.07966648119734199,0.20872078800781313,-0.39905997229568235
59,5,0.6565689476665241,0.06669662832246745,0.05607100559530994,0.08685097300169008,0.007599633897161552,0.19522075676043263,0.029196628322467454,0,0,-0.8127698153657186,0.24347491724911707,1.2348797377065308,1.3814943296793398,-0.16740478916261736,0.41872626874054875,1.0960885408763,-2.958548798733108,1.2744094440849532,0.1659946499152698,-0.39705458769180213
60,6,-0.7303352698428136,0.02739897356598311,0.022116114794750872,0.031653515649997334,0.007887176581636979,0.09754839751898255,0.010101026434016886,2,0,-0.8337917903385818,0.04279747749476091,1.3153207108545968,2.0526371904936482,0.10273647598679325,0.4403530872249406,0.6350690842828205,-2.897608003022811,0.7489621199492249,0.18640172821472734,-0.33850471735467014
61,6,2.61713737655922,0.04826622989037647,0.044919600551222294,0.05356694964264997,0.015188146921989906,0.18042956274277075,0.010766229890376474,0,0,-0.9424530545258324,0.008245718499010941,1.2806014669450936,1.649054597087182,1.2154521276098977,0.36964867886011865,0.9919989364069101,-2.929806245194185,0.9834443027743536,0.23117863308884823,-0.3417886219623915
62,6,0.9781414967120535,0.06468288513603196,0.06194118172049024,0.06922533092849141,0.0343459846922767,0.19774690518388136,0.027182885136031957,0,0,-0.825541171492605,0.019691641163310417,1.2518124653307297,1.5891364886987258,0.8243808735548761,0.5659900393264512,0.777859221983163,-2.641673594236477,0.08261665093870807,0.384427986813461,-0.3647814741975757
63,6,2.212222788287184,0.0533113481934877,0.046822227666991435,0.06028577383940556,0.019631861883520917,0.14483533461400955,0.0158113481934877,0,0,-0.6704420207691457,0.04821516962600133,1.150298899771172,1.7733382326225984,-0.02938568467501579,0.405436232197443,0.6301914675781438,-2.6608502596457333,0.5253935421576132,0.23267027837914378,-0.35386935600026714
64,6,0.9215915330647536,0.0636469633784154,0.05849592343121781,0.07124150414326723,0.02663613886980278,0.23254871562834636,0.026146963378415405,0,0,-0.7583188595114868,0.005051928659211156,1.1545248910864228,1.5930913395561124,0.9511065027289423,0.44431083315279096,1.0813788195785314,-2.89615891106576,0.7726353428190831,0.4075849069710641,-0.34244006435012103
65,6,2.1150410411918594,0.05545687627361146,0.04975381743806923,0.06141207208602334,0.007977623036180234,0.1612934790414888,0.017956876273611467,0,0,-0.8168319853146142,0.003650077269417363,1.199302176449193,1.3164430751105467,-0.16584008834842212,0.5159988913677532,1.02256710748089,-2.9999899426533676,0.42097844134214046,0.23363665212194362,-0.3374018784765294
66,6,0.9578089021666691,0.0695771920258365,0.06478449795196702,0.07421986651318198,0.01348150296585301,0.19459637282074205,0.03207719202583648,0,0,-0.7079424653833092,0.013775228607475827,1.2954917410683273,0.30976836598339696,1.1593818653407695,0.5648540514021582,0.9843887890368159,-2.7289972213311513,0.7290723935318946,0.2355234440365126,-0.39105290323159714
67,6,3.0827656710193794,0.038074096327306906,0.03260434081129716,0.04093288354698309,0.008896660227498255,0.15113394242299583,0.0038378691197754632,0,0,-0.6409975288444155,0.015105313683311077,1.2644410348755972,1.466312463315142,0.9262558539160457,0.4283643876583834,0.8896425443633054,-2.8931866357294114,1.2167249819745285,0.18336196283678718,-0.3427545027313776
68,6,-2.6485541471632943,0.02384872631355883,0.020454242834263094,0.025952722570334725,0.004962316229855028,0.09939678355661895,0.013651273686441171,3,0,-0.6378804503974393,0.003063323494725542,1.1447058107615093,1.9246353444834305,-0.5025681965608637,0.36302716015195585,0.7868444109215366,-2.8764979993633677,0.9645037365159528,0.1747260620748421,-0.2861240502108666
69,6,3.000233758649893,0.04557144728843301,0.04314605197914639,0.04875237493091919,0.015138386405458226,0.1389253678142409,0.008071447288433004,0,0,-0.8558646706726248,0.02868475818109352,1.1409715984069004,0.8600008203517171,0.048518270756525705,0.40772535467613513,0.8147095131941257,-2.723777018331786,0.4510707916822674,0.31438906759142515,-0.3017267085812112
70,7,3.0494398171699655,0.041019930629556924,0.03998610569703973,0.042106985523665263,0.01650081606283146,0.18748437844154284,0.003519930629556932,0,0,-0.7980798985014352,0.11801583113583787,1.3007855719141181,1.4547015004240427,1.6915038901740456,0.3322571488813224,0.906821037883856,-2.9341023337629655,1.9867800890372518,0.3715077812771842,-0.285797526975705
71,7,3.2203540172432152,0.03485383246020928,0.03323289179700371,0.03748149534557465,0.01062408004935208,0.11374819073262345,0.002646167539790717,0,0,-0.8307142095618083,0.009595854773381592,1.2320775239487338,1.9155982421005113,1.002164272320198,0.4518804976659894,0.7799127425947675,-2.9900886598977876,0.5511248903953021,0.18466351092498334,-0.34169602808995675
72,7,1.9198329063260924,0.05669049904493099,0.05285164827437495,0.060859859913123794,0.01846636987616314,0.15174874280961428,0.019190499044930986,0,0,-0.7662402484394975,2.454685491619603e-06,1.263232188381511,1.9041918032444647,0.3013060178282987,0.5081868943735617,0.8995893609907657,-2.4865570603974,-0.14224052984333913,0.2601564492452776,-0.3335250051587848
73,7,-0.3152882436436366,0.030167878891885033,0.028023560769929023,0.032910565931987566,0.010857758123597051,0.11341858422030766,0.007332121108114963,2,0,-0.7251421261919855,0.12324223096706034,1.22254887739998,1.4803832274248352,0.5348542005710346,0.2777551554485349,0.885370270349236,-2.9512770675232254,0.801544847019922,0.16087131057803605,-0.2746202386417055
74,7,1.1322691659083008,0.0638304914629065,0.06152910402123901,0.06744929244157753,0.03356501000855255,0.1827284358336055,0.026330491462906485,0,0,-0.9758068538178793,0.00011250669944843496,1.4145595486113072,0.8544842559758061,-0.33595022846274514,0.4795997348230114,0.8030406863362117,-2.6703104379179483,1.0352941330894083,0.2363034117403966,-0.34959378455222806
75,7,-1.3342260816951026,0.025318226389719315,0.012680109925199029,0.03636316683945293,0.009213948040887694,0.09397524101711936,0.01218177361028068,2,0,-0.8314086950578017,0.0045952578833135275,1.2490640514453606,1.230843322427738,1.719993758071694,0.3391250101853644,0.8797369368007939,-2.996604832179634,0.29109989389747337,0.018768972120280725,-0.39622799853758045
76,7,2.6823927713726174,0.046843193968645974,0.03990248280365659,0.050918143216269224,0.017599755304816656,0.1900685702166194,0.009343193968645974,0,0,-0.6760313016252619,0.01471232071289247,1.1158466160314178,1.4449546090057526,0.6215893291528873,0.43840719078877505,0.9386661513100195,-2.999992032473933,0.8696333307230111,0.3405353062353582,-0.32806500048165993
77,7,3.162772014325193,0.039212631282510645,0.03416836303694225,0.04442180836476257,0.009599893655896752,0.14672127008322025,0.00393372259121581,0,0,-0.5778632174642897,0.007351959614583971,1.1059946143651735,0.9468353185460652,1.198994969764299,0.3328886967377589,0.9813498007877137,-2.999667802001315,1.1825526173337435,0.18809321407595814,-0.3167358351469592
78,7,-0.11688675060477283,0.053584837788126054,0.028481717437421363,0.07227889832130295,0.007417978534948823,0.13057184112727063,0.022097026163178476,1,0,-0.9037748956235929,0.018651852150077444,1.2175454763219289,0.7669411066156178,1.2494984261075954,0.33677461416672627,1.1617409927708144,-2.96099201937742,0.8346570131286573,0.11871688772298805,-0.25087187662920174
79,7,3.1717236065070202,0.039938023158087844,0.037013769287684815,0.0436190658109715,0.018511305359751887,0.1493845181812251,0.0027621769662979725,0,0,-0.992441017599737,0.01681958247277567,1.2114804814367837,0.24359036278371793,0.3821991935924749,0.39491249674702283,0.8002809764796917,-2.935168092303273,0.6390475817155368,0.25431680073111895,-0.3283578879056649
