trial,generation,score,target_m_s,activity_scale,body_vx_m_s,body_vy_m_s,signed_lateral_m_s,target_abs_error_m_s,yaw_rate_rad_s,terminated,slide_bias,slide_amp,slide_freq,slide_wave_n,slide_phase,yaw_amp,yaw_freq,yaw_wave_n,yaw_phase,yaw_bias,yaw_trim_gradient
0,0,-0.8775532169258525,0.0375,0.6,0.018737070875493575,-0.0892902541576952,0.0892902541576952,0.051790254157695205,-0.22300053259755415,False,-0.6798563772904489,0.013758288081069592,1.0374647184139887,2.97286611651168,-2.5445219663982814,0.7545115012109029,0.8022074979594055,-1.3961296999007369,0.35718063645356146,0.33720236591148045,-0.2418027836521282
1,0,-0.035543074683604625,0.0375,0.6,-0.0556809736678589,-0.01947450616077793,0.01947450616077793,0.018025493839222067,-0.05979168196349316,False,-0.6138887013355285,0.1406105767633205,1.1885425519410893,2.9327803648936026,-0.3502777092645011,0.40168336737153054,1.3644241292980903,-0.7382831229811506,0.8866898413601367,-0.07401953984288756,-0.35933401788975666
2,0,-4.293222240709063,0.0375,0.6,-0.008626382208783796,0.016852290176103454,-0.016852290176103454,0.05435229017610345,0.09890017786208682,False,-0.645879694949147,0.022820473709015375,1.1677056143310205,2.3162974181090075,-3.1283686070528436,0.4774112599550443,1.0955101998919916,-0.0785405831214212,-1.2262822600165337,-0.023834740425521916,-0.1928011838898372
3,0,-5.38566762353069,0.0375,0.6,0.0730727312764607,0.03306225462553857,-0.03306225462553857,0.07056225462553857,0.03799156794162754,False,-0.6406949487440162,0.11486409850148696,1.1911442938987027,2.6517604264835937,-1.5255997071377494,0.9005825592899173,0.9338519192062625,1.0483810766640786,-1.045376547844643,-0.028110406408933142,-0.32402666577408834
4,0,-5.691049558049007,0.0375,0.6,-0.08871291647697553,0.031345867439160104,-0.031345867439160104,0.0688458674391601,0.10024250892708671,False,-0.3909589408818295,0.025800072052346856,1.2104010776045104,1.768504313966777,-3.1330492073887877,0.6092277288712898,1.1060913754476105,-0.8396902006392533,-0.045962596669298694,-0.10482497380233757,-0.2979924757730926
5,0,1.086582393826113,0.0375,0.6,-0.020467215207455806,-0.043571821946835225,0.043571821946835225,0.006071821946835226,-0.2010803670455598,False,-0.233989131229017,0.00588007691082535,1.1494424393034728,2.993066282002723,-2.413770697166756,0.503018390264475,0.680977959630518,-1.1010187162808431,-1.1663551361447588,0.13826890359656274,-0.3940967940253749
6,0,-1.3901728808723406,0.0375,0.6,-0.021571156599605203,-0.104506985651442,0.104506985651442,0.067006985651442,-0.2564521591919174,False,-0.3224402670073998,0.2499945544010727,0.9220347887378497,1.1890781056230368,-0.8147844277854666,0.6536608442063174,1.4460030152194934,-1.1017229003491869,-0.7107303132486362,0.22341399794328165,-0.3120916756932437
7,0,-1.1744427408157356,0.0375,0.6,0.01874109705649093,-0.003404305054287025,0.003404305054287025,0.034095694945712976,-0.05774214847707252,False,-0.6072583744076309,1.8504297758322088e-07,1.015649252238612,2.7843476133649956,-2.951048742801601,0.8937680022619943,1.235520229962249,2.3000590634023226,-1.0316554949426098,-0.1642877550358135,-0.3910594931597111
8,0,-5.367433912285669,0.0375,0.6,0.11229912412838346,0.005956444445173368,-0.005956444445173368,0.04345644444517337,-0.25122116263394934,False,-0.6083492276582936,0.05411819581477664,1.4950553785308163,2.336454976347447,-0.4973071501730413,0.7839229705233766,0.7362097630805785,0.5036691963071016,1.1331630082071653,-0.21252413340296827,-0.3999510921723533
9,0,0.0911027479984377,0.0375,0.6,0.08418457449523871,-0.021888222505311045,0.021888222505311045,0.015611777494688953,0.014298597312198735,False,-0.6234590822549093,0.20484384942878106,1.3021621464249482,-0.24871336827476753,-0.8960938776110243,0.584453958474389,0.9765664750923632,0.3117206630467666,-0.7918275363523075,-0.006468939378394101,-0.2426411623712538
10,0,1.2910779404662986,0.0375,0.6,-0.010010800891140141,-0.0479377870333997,0.0479377870333997,0.010437787033399704,-0.14110324703809982,False,-0.5191735972587113,0.025657490272182372,1.370998711643306,2.7771608094761007,-0.7290141519894493,0.6014129478573121,1.132295382060492,-1.6756422458093359,0.8209782481422856,0.0011790935964889337,-0.39345619752905525
11,0,-0.11934921749753913,0.0375,0.6,-0.026682990646226312,-0.07105222808186779,0.07105222808186779,0.03355222808186779,-0.16766652737111296,False,-0.584482486505697,0.1895813282268023,1.3675955070469459,2.5774073200747827,-2.0587939529318717,0.5656059291805138,0.9924096961497211,-1.1753346433652667,0.9533169851115755,0.16186870301828493,-0.3368981552454677
12,1,-0.8622811303751847,0.0375,0.6,0.0014382508057902714,-0.0030641676496546626,0.0030641676496546626,0.034435832350345336,-0.010364382942716022,False,-0.2349949099687091,0.002070927127022061,1.4887196089190358,2.215598019249251,-1.0473014782565966,0.2826058850647838,0.7119967691218996,-0.11617585528584673,0.00025951963718018334,0.1611169225646384,-0.3983767237202466
13,1,-1.4272988392388244,0.0375,0.6,-0.020662447582580196,-0.00035015313817314303,0.00035015313817314303,0.03714984686182685,-0.058342939768092496,False,-0.6139095935600577,0.12148106211051116,1.1970069063536468,2.749861526067951,-1.6478163900317286,0.46280805508935735,1.2150023125556662,-1.2405098501068532,0.8030129245590358,-0.10042839894381994,-0.30250870310977795
14,1,-0.9621336665832957,0.0375,0.6,0.008306372829144084,-0.09155848673183013,0.09155848673183013,0.054058486731830134,-0.2602848985307784,False,-0.7998675414678723,0.0019232185100478052,1.269446437406956,1.9661791026469944,-0.03279160924064817,0.724153189422488,1.4780443193202628,-1.2889803452029287,1.4529729126289705,0.29439182961222055,-0.2887855139904976
15,1,-6.784617350811182,0.0375,0.6,-0.08336390904942124,0.061197004229863454,-0.061197004229863454,0.09869700422986345,0.08659952758821247,False,-0.31795546651404216,0.11816087171180198,1.1597059918794015,2.9864478739161857,-2.059688711248925,0.8199542776722624,1.000938862715367,-0.8952102955898917,0.98551648353396,-0.07674588494213619,-0.392776223670747
16,1,1.0528575476451008,0.0375,0.6,-0.07006144506879083,-0.03731826616392143,0.03731826616392143,0.00018173383607857085,-0.06972160591362216,False,-0.5825927467102466,0.02247214942239092,1.1428682514866175,2.99840968802185,-1.2333054058390898,0.7320127970993011,0.950822273616016,-1.1482006505495357,0.21431818883221876,0.13756510605294792,-0.39625151641499445
17,1,0.19574065215178982,0.0375,0.6,-0.04227437572620952,-0.021694601344737118,0.021694601344737118,0.01580539865526288,-0.09838450533020586,False,-0.13692634956552507,0.17583947969743186,1.1653499801521807,1.7719465167176836,-1.8161366438818105,0.7431311706481581,1.2396481566928572,-1.4357857901674413,0.0903613445871363,-0.03895530567280142,-0.399999303232445
18,1,-1.0433224704167778,0.0375,0.6,0.021429709842264093,-0.09478940599230495,0.09478940599230495,0.057289405992304955,-0.22313872711372917,False,-0.6278248787564275,0.10550929280140314,0.9052742271883457,2.262714540207722,-0.7819307983883279,0.47438212602699126,1.355871270898123,-2.667446135342547,-0.7083541992558273,0.20689318995152162,-0.2893937636803848
19,1,-4.472149014482665,0.0375,0.6,-0.09757870522018357,0.006096709215498042,-0.006096709215498042,0.04359670921549804,0.03547677152318437,False,-0.6877989220161993,0.10545888082436906,1.18422262622923,1.9282435687736488,-1.5376789812842697,0.5493571268293113,1.2281339044803532,-0.5525149910438891,-0.2955578829885481,-0.15693932765445961,-0.16842238397040754
20,1,-3.1580858647351713,0.0375,0.6,-0.0074363213344531935,0.0005180771178007818,-0.0005180771178007818,0.03801807711780078,-0.00328714884479564,False,-0.3356805328174204,0.00031333635792652636,1.1007741454644446,1.6024634644244928,0.44801372133526174,0.40218981805087195,0.7921055187778298,-1.4492294069858054,-0.4689678433729565,-0.17720229608366056,-0.39958465988734054
21,1,1.1337243228698135,0.0375,0.6,0.018007441650428887,-0.04654814110418216,0.04654814110418216,0.009048141104182159,-0.1779093530666714,False,-0.44942280558981906,0.293558805457542,1.3740577462271175,1.841034225031219,-0.6220576092451626,0.37888092287770603,1.310637557984326,-2.139609115092734,0.8163061891688379,-0.006652594433273873,-0.39870207742730884
22,1,-2.857921148141825,0.0375,0.6,0.10710184228044822,-0.10676084835120815,0.10676084835120815,0.06926084835120816,-0.41659007793229225,False,-0.5411907753130323,0.06764846266606997,1.22862300235946,2.518544338373477,-0.7754770607962875,0.6608127851403511,1.3667531866940503,-0.15336377363086218,-0.17930451529792135,0.07006000669662305,-0.38577884022711384
23,1,0.7180316386467586,0.0375,0.6,0.04526750242910323,-0.02643658306265506,0.02643658306265506,0.011063416937344937,-0.0778461926228402,False,-0.6946741179934721,0.24914799710220267,1.453550749861015,2.889373397614385,-0.21792057486872096,0.4651776239284757,0.9504457358534802,1.1548852336822328,-0.5620882220629779,0.17841694220399584,-0.39445247452935595
24,2,-1.2489386543767669,0.0375,0.6,-0.06216548000374316,-0.08280551290393319,0.08280551290393319,0.04530551290393319,-0.25757420548440746,False,-0.5261022778333924,0.3770349186965213,1.4823541740927184,2.9215590340342112,-0.27666180893031544,0.7017487726455157,1.225687771067343,-0.5881800296378934,1.5210888740775426,0.034511028471746696,-0.39991240040777076
25,2,-0.05475916871275405,0.0375,0.6,-0.0051694359256795755,-0.07034963212281299,0.07034963212281299,0.03284963212281299,-0.22075176979706412,False,-0.4422301980798725,0.14253518714416574,1.379984847515074,2.9998059625350644,-0.5193639268556303,0.6072279643290089,1.1244094499984238,-1.3641932885239108,0.45996113716133946,0.16059809899190625,-0.37095609258258555
26,2,-1.3210064195001574,0.0375,0.6,0.02545780883964409,-0.09257805619993927,0.09257805619993927,0.05507805619993927,-0.30650611502700303,False,-0.5081453218479164,0.033376878565067804,1.1861210473205006,2.1492881354922284,-1.661304935173951,0.6092302168217669,0.9566830605406152,-1.3116575089614997,1.6597352212011103,0.37604326990235526,-0.31509767608588146
27,2,1.001385376725452,0.0375,0.6,-0.023151948092440453,-0.052750291722609643,0.052750291722609643,0.015250291722609645,-0.12171668259144308,False,-0.4270903056369888,0.06943158748772624,1.4637591073040699,2.681160479005232,0.24181697846100247,0.4726318053101676,1.226120218561153,-1.336255584675838,-0.7655187053058126,0.08802914509512216,-0.3277436708004422
28,2,-0.7978654963535659,0.0375,0.6,0.022137535280910503,-0.08662332982247707,0.08662332982247707,0.04912332982247707,-0.21108977235329995,False,-0.4729075419253388,0.19823435134735223,1.287959677641589,2.8730254435017972,-1.18704316216562,0.47587750267420914,0.9461076450543161,-1.6136610152524191,0.62492073572044,0.13564448608526258,-0.3849957207132324
29,2,-0.6650773934579297,0.0375,0.6,-0.012527962841352767,-0.009418260948553343,0.009418260948553343,0.028081739051446654,-0.07624248409597996,False,-0.37717962145791206,0.1803961051285461,1.1860128854331282,1.5188647359680294,-0.5905818101829738,0.36475055480096497,1.4070530629840465,-1.2762614260009937,0.777553761721189,-0.08305554755779931,-0.33681841075928143
30,2,-1.8323045833038458,0.0375,0.6,0.01965794857037143,-0.12563353962837928,0.12563353962837928,0.08813353962837928,-0.2499490364233323,False,-0.36163150576989145,0.04778484633831142,1.1079939201115647,0.7251067494465202,-1.504594902669725,0.902770131435249,0.9416917684987752,-0.47831338318204386,0.8445210882068475,0.3082986117209009,-0.3997874351970693
31,2,0.15606537332546389,0.0375,0.6,-0.09519484441876332,-0.05511602120878995,0.05511602120878995,0.017616021208789953,-0.12284426896440344,False,-0.6059326994548462,0.011214652507533222,1.4223164837545932,1.8954667372119145,-1.8631167181607353,0.6811553719645508,1.1279409637870412,-0.7584215781422414,0.6925303727386645,0.026114424891916177,-0.2874834528501299
32,2,1.2296538704040856,0.0375,0.6,-0.05106126107513916,-0.0376772777771015,0.0376772777771015,0.00017727777710150466,0.07486337104311931,False,-0.5423784067581024,0.36787328384987283,1.4083342077964707,2.11601234045294,0.4510428971634908,0.7202778847758097,0.9863796698857542,-0.3743512287793074,-0.15440174262756345,0.04566149248134188,-0.35308331448677865
33,2,-1.2728012841161482,0.0375,0.6,0.044177927933136074,-0.09030390977773066,0.09030390977773066,0.05280390977773066,-0.25570559693456224,False,-0.6355970709401981,0.2184993880413665,1.4140041606088822,2.8567137663320556,-1.4645959365745043,0.25049292491969377,1.2467575862449427,-0.36980969818701226,-0.15467883596415977,0.2799842503439527,-0.3974810890050193
34,2,-4.096932593832654,0.0375,0.6,0.04027416651839252,0.010234193135346237,-0.010234193135346237,0.047734193135346235,-0.035422423747772415,False,-0.5113578629834763,0.3425672281680767,1.17139309046473,2.9575649354132167,-2.8519516448764506,0.39037936592599287,1.346679622149435,0.7291140376245564,1.2360419244626941,0.05469488982959103,-0.3274663277685628
35,2,1.2355930949754785,0.0375,0.6,-0.01655672504911394,-0.034007272076329864,0.034007272076329864,0.0034927279236701345,-0.14950739307080152,False,-0.3745304712131914,0.06299031177630689,1.062864563794143,2.9863284517095536,-1.0654637171877965,0.6174890290763524,1.2379697988779779,-1.6475043613012506,1.0021900932110803,-0.07224575373761932,-0.38422480175916035
36,3,0.7837362495694541,0.0375,0.6,0.01055278475616548,-0.026842936626224122,0.026842936626224122,0.010657063373775876,-0.16946153277601703,False,-0.4428415372200579,0.1409074113958408,1.2336023384049,2.9988785735956878,-0.4261394892614492,0.550944384113121,1.2050927065331727,-1.9484114628259053,0.7812543744875584,-0.08481758718063054,-0.3677380530836829
37,3,-0.3945299027877684,0.0375,0.6,-0.06166992458684579,-0.018697445544706117,0.018697445544706117,0.01880255445529388,-0.12200212941370998,False,-0.6252328937843852,0.1558444998298142,1.477049729535232,2.9995543700644447,-0.3615582032335163,0.7118552065749294,1.1415203662502167,-1.1785788200702674,0.5727115736022461,0.08865163193027781,-0.3777177234939415
38,3,-5.373713198139102,0.0375,0.6,-0.06609118705386048,0.03400765338658504,-0.03400765338658504,0.07150765338658505,0.043689979292086845,False,-0.49721438658892436,0.20333654964581174,1.129594567949551,1.8676008152024757,0.04015741459782607,0.6345328309160727,1.0478026619920606,-1.0889616427094726,0.148207924467068,0.032255181479164174,-0.33502145679019824
39,3,1.1326350050051885,0.0375,0.6,-0.008972671822236048,-0.028129277674192616,0.028129277674192616,0.009370722325807383,-0.10893034834580402,False,-0.4006009141569805,0.38752221403271714,1.2700494066708825,1.7523356570296675,-0.2610119206999073,0.513176711965792,0.9525794095293296,-1.5389448711341227,1.0567321040160014,-0.10157221516047232,-0.3999699929579204
40,3,0.8930343481786918,0.0375,0.6,-0.09651765244914756,-0.03425816185259302,0.03425816185259302,0.0032418381474069793,-0.02101504681949969,False,-0.4424296908057751,0.15833814239493257,1.1975858954396814,2.3236258404829577,-0.038909540872451576,0.8812242409604216,1.035806358312549,-0.4837245004178934,0.5842328856811694,0.033731387511000466,-0.31879631085048715
41,3,0.6423797239268572,0.0375,0.6,-0.08584875654273043,-0.03978796637320649,0.03978796637320649,0.002287966373206489,-0.1477508285382061,False,-0.4796898295154044,0.23522454182052618,1.2652513426332783,2.8365347299532164,0.006258969450799512,0.6440660140634411,1.1124915909465845,-0.8688635112196312,0.2588879943853519,0.216113993903422,-0.3994384100904608
42,3,1.4733835382475782,0.0375,0.6,-0.004192196962422957,-0.029902969612981903,0.029902969612981903,0.007597030387018096,-0.070630565743027,False,-0.5043241222110446,0.3801457078483431,1.2294739109531527,2.1183288770653297,-0.6725293555179728,0.665523857835266,0.9997977098904238,-2.246795531830414,0.039913009896594076,0.09124093077021755,-0.24484982731874796
43,3,1.1631912990001245,0.0375,0.6,0.013650032394445342,-0.0471780132055252,0.0471780132055252,0.0096780132055252,-0.17615660823273668,False,-0.37056677498304136,0.4074275659310834,1.1972886185917715,2.8007988784310225,0.7450109274148917,0.6234766543684856,1.0801577672570193,-2.571057337762647,0.6854319138975633,-0.048244221992296055,-0.28444116327517427
44,3,-3.790236584735899,0.0375,0.6,-0.032693462690643556,0.005530592044807975,-0.005530592044807975,0.043030592044807976,-0.03417256303233529,False,-0.40844030547373045,0.13764314722569893,1.2740294172519009,2.9967138320741435,0.6292848834763856,0.5948983045045233,1.408791133351754,-1.4253920501636834,1.4261308015713219,-0.1422309295223329,-0.2157553204957009
45,3,1.2572705487427913,0.0375,0.6,-0.04418223017048003,-0.04301234330584539,0.04301234330584539,0.0055123433058453936,-0.0866351980949734,False,-0.4947997009863999,0.25163438528076887,1.3342606086589006,2.870430394287621,0.2257940393082727,0.5795613844390793,1.0694959064842608,-1.250903900866672,-0.03571067010210127,0.10568713197726509,-0.34580983957494416
46,3,-1.8065098165802165,0.0375,0.6,-0.018939107640064328,-0.11287321742922289,0.11287321742922289,0.0753732174292229,-0.32801228204261185,False,-0.47973043029716633,0.1459801336622383,1.1902654342117673,2.1139308123890252,-1.6946170124552364,0.645926174112539,1.4786240267681012,-0.4378948430223968,-0.678466753923451,0.10066540817122549,-0.36849193588758744
47,3,0.786948871057888,0.0375,0.6,-0.07125987654001102,-0.04517587195381942,0.04517587195381942,0.00767587195381942,-0.13367208089194405,False,-0.518641463933988,0.09885346700427876,1.1060512787299346,2.4891463341100053,-0.09623587824856994,0.6774939303030554,1.4506033836237642,-0.7687318309330435,0.8929925709254416,-0.032501073117895685,-0.3273551393747925
48,4,-5.2470308388761,0.0375,0.6,-0.00865456731640758,0.043848840667428356,-0.043848840667428356,0.08134884066742835,0.05901981603369085,False,-0.5215965502433109,0.10556996944563932,1.197722185262668,2.689159972110293,-0.8674687425092453,0.44456493295736954,1.1875616448757718,-1.474575136583026,-1.5426160292605706,-0.18945817630051742,-0.28865899158283503
49,4,0.8505451934171473,0.0375,0.6,-0.0065623399545363436,-0.05760884725892603,0.05760884725892603,0.020108847258926033,-0.14121841280252578,False,-0.5705194309841594,0.3830320005131401,1.4030494952730892,2.226385422438513,-1.150659506165893,0.4989294519964327,1.0626642993119348,-1.5635705981917498,1.0796399013513538,-0.01705358942777513,-0.39952235097195976
50,4,0.5695874033952115,0.0375,0.6,-0.043803695608336767,-0.022162366212487485,0.022162366212487485,0.015337633787512513,-0.0011061826576643046,False,-0.47958017777489137,0.23726607115212317,1.151206676850434,2.9665424450541664,-1.4263058667833401,0.5547776214241453,0.8918058556605007,-1.1753308486873082,0.275624196977585,-0.029761721017314335,-0.37930998050178105
51,4,0.4407141170717589,0.0375,0.6,-0.025393896424385023,-0.022775399496667167,0.022775399496667167,0.014724600503332831,-0.10867045803300697,False,-0.6646192411616282,0.3128179436598036,1.2674034382173354,2.9989540339710894,-0.12280930411005642,0.6313892834212261,1.1731165726780017,-1.4653934277802614,1.2582955512607814,-0.09594740068427782,-0.2859405219232721
52,4,0.9031704995607965,0.0375,0.6,-0.011766545750373175,-0.024785935753496174,0.024785935753496174,0.012714064246503825,-0.07406764955257021,False,-0.48361100119538336,0.44679225043714116,1.1347369802928617,2.657195196702771,-0.013934273114317275,0.8081749810118768,1.210968325641418,-1.9712878759797925,-0.10002153605120112,0.07661740127356431,-0.2632145516408563
53,4,0.3210020219350357,0.0375,0.6,0.011596330904934,-0.02081186126978275,0.02081186126978275,0.01668813873021725,-0.12390563157310004,False,-0.41626740102107285,0.4713737467620599,1.1842627368493786,2.8427425881124755,1.1633107316253763,0.7258468442706377,1.0352357285974851,-2.544160126150862,0.8987239868825387,-0.04446293455593575,-0.39365919667296706
54,4,1.007609136559517,0.0375,0.6,-0.05635754566202841,-0.034304363009017146,0.034304363009017146,0.003195636990982853,-0.10339915099445258,False,-0.39548060772943483,0.3353415321841693,1.0092558712162,2.0180412934246865,0.38089509362604845,0.6511634993234419,1.13900443404761,-1.194033527795899,-0.43127439945378443,0.14952682915796345,-0.371537899735049
55,4,-1.5068345825096583,0.0375,0.6,-0.02862761854936895,-0.0005302662128155629,0.0005302662128155629,0.03696973378718443,-0.06207126375112234,False,-0.4561249245007353,0.46461975293598967,1.3950764267599305,2.5402673675310634,0.1713908462675673,0.9351853664994543,1.1177934805849532,-1.6937984110210778,0.4775070043290959,0.06767967332901725,-0.35997866609951157
56,4,-1.772936196060368,0.0375,0.6,-0.0009269017981601446,-0.11705063114829788,0.11705063114829788,0.07955063114829788,-0.3425710134166771,False,-0.6335822889687999,0.30793739265225467,1.1115554313660116,2.4529132940136247,-0.211252538428921,0.8978541584729796,1.2634876593518647,-0.9815937142599296,0.5387322391680747,0.24508976462061027,-0.22540784282468632
57,4,0.47700745150017787,0.0375,0.6,0.007145175791223739,-0.05774775732937176,0.05774775732937176,0.020247757329371764,-0.24427439590709088,False,-0.35930447571269586,0.3887964388846714,1.1397914666400446,2.1841333098678852,-0.01817460603183818,0.7339810455744475,1.3132093804255964,-1.647463481824568,1.008984687969316,0.2549080873037104,-0.3999933324890716
58,4,-1.1076194330751596,0.0375,0.6,0.008531153317263746,-0.00028917771549561333,0.00028917771549561333,0.03721082228450438,0.00039719694179862763,False,-0.5370586487852315,0.38319935866052257,1.4779955514842786,2.781659452049219,-0.1481404881813333,0.7884683130745367,0.9268140859836534,-2.5319377585340446,-0.23835388424119452,-0.04635855578217152,-0.2858205062391758
59,4,1.1429931102100528,0.0375,0.6,0.001717850380871869,-0.05352285332937495,0.05352285332937495,0.016022853329374954,-0.13129617685045228,False,-0.5436121400225611,0.3351499852450696,1.1744851679230262,2.1204554205893427,0.14368655682108722,0.5841123884392634,0.716894631541971,-1.9426833545388007,0.4102426400575645,0.23510238548200002,-0.3693797994845128
60,5,-0.13426116659029597,0.0375,0.6,-0.012693039451253352,-0.012981024522527694,0.012981024522527694,0.024518975477472303,-0.02083083825571408,False,-0.40685882571514354,0.29010047950855944,1.3473866836673847,0.6725532069787601,-0.46192634061097904,0.7430862479862073,0.8681165508292963,-1.6650310228956298,-0.5278176127072736,-0.12561867628087708,-0.39013164786980525
61,5,1.1502349644532743,0.0375,0.6,-0.05422045259029631,-0.031765343339269496,0.031765343339269496,0.005734656660730503,-0.04406053737874097,False,-0.47295138981822316,0.24979073385399764,1.2451181860062641,2.085599210564234,-0.1595490007737852,0.5269421303239561,0.8053675683954103,-1.0108235649858706,1.5187842737883441,0.051363796080605484,-0.3324648266836176
62,5,1.1586938665375854,0.0375,0.6,0.015214944634871752,-0.0480280187397675,0.0480280187397675,0.010528018739767504,-0.16297022711555412,False,-0.7203659442705652,0.1481791656827972,1.0478550999401306,2.536506878588046,-1.1531375289832209,0.451510899460826,1.2470964159409907,-2.114659165133379,0.6705631730763333,-0.0737919606848294,-0.3882764480935502
63,5,1.1478620470664482,0.0375,0.6,0.030113238388421375,-0.03392903954679782,0.03392903954679782,0.003570960453202175,-0.1351710388752898,False,-0.5350958610079358,0.2780522514356083,0.9138564977096991,0.9557623239193385,-0.009809616943509791,0.8172957933099468,1.1058077246208107,-2.6054036326585996,0.33675044054024017,0.31507288146162804,-0.31958339030252136
64,5,-0.5977583227846806,0.0375,0.6,0.05080580941160829,-0.07197629226592901,0.07197629226592901,0.034476292265929014,-0.22262721630510476,False,-0.43336650531817267,0.5301715093399411,1.0457535084376886,2.9575332021165943,1.62266961779501,0.5327178343189887,0.9753255684362657,-2.602651959175795,0.7836498574124686,-0.07614370275809879,-0.3665177070796617
65,5,0.7460663264268532,0.0375,0.6,-0.016261263484351907,-0.02267096671437611,0.02267096671437611,0.014829033285623888,-0.04443653199520411,False,-0.5690237088369843,0.6192798631617104,1.0639230017953767,2.6653542212602703,0.7172156456158869,0.6736914771031555,1.0804593540152103,-1.6953782002242819,-0.15587876238560794,0.023545108127138392,-0.21581182769839735
66,5,-5.320324093766464,0.0375,0.6,0.03212021830932411,0.03808406601091382,-0.03808406601091382,0.07558406601091382,0.07883431003888057,False,-0.4635941651996005,0.3946572010610443,1.1439664944809316,1.0801395975365056,-0.19266930960771056,0.6868943416898173,0.6535794325905037,-0.14577221030372378,0.5098794326886749,0.08507395952432506,-0.30469138685983
67,5,-0.36501469025449207,0.0375,0.6,-0.006545659295794718,-0.07061042547905944,0.07061042547905944,0.03311042547905944,-0.3016912204193457,False,-0.5609754842621906,0.22866530228374213,1.114383802525123,1.6411461234557594,-0.7252191260123015,0.5491555939392169,0.5561403388461115,-1.0102800178706133,-0.9432500485849658,0.3136812843362672,-0.2582581435302026
68,5,1.0412801149143323,0.0375,0.6,0.02211299750768696,-0.030438824135206308,0.030438824135206308,0.007061175864793691,-0.15097861900504106,False,-0.4266573076350493,0.4004859538380581,1.0773663311782578,1.769836436380837,0.7701155088192806,0.6487292247661419,1.2397509886907878,-2.6653055416916627,0.5816142895364398,0.17274468090633677,-0.39957048232741765
69,5,-0.5030999599728847,0.0375,0.6,0.011746153318557618,-0.08195670186326438,0.08195670186326438,0.044456701863264385,-0.19615801690577517,False,-0.8634906340445606,0.4598374774768819,1.226588863135468,1.8724351072122962,0.8183592401365019,0.5897562612359917,1.0525983670634294,-1.8277785297441216,-0.3372841150163959,0.20272944993370823,-0.2827273224622464
70,5,-3.1341744477792584,0.0375,0.6,0.13507558636744013,-0.10848904327739779,0.10848904327739779,0.0709890432773978,-0.40424449357202574,False,-0.6056586421341978,0.5737826915931362,1.1610523638447379,2.5676292260995295,-1.353910760910183,0.6353504344771898,1.033777621946303,-0.22079751261078506,0.6476339750838673,0.276545177367415,-0.39997517358342694
71,5,1.0436066049109645,0.0375,0.6,0.0028905159091437795,-0.055436738228785705,0.055436738228785705,0.017936738228785706,-0.12827199718442764,False,-0.27760409101419703,0.2566470643019626,1.1443841591141735,2.095418443158854,0.14318523169687758,0.43332998941711487,0.8754999487401227,-1.7225503211773674,0.023326058009683237,0.05841275259175904,-0.3311833033415037
72,6,-0.9551031577328717,0.0375,0.6,0.0447081539084049,-0.08187375705013243,0.08187375705013243,0.04437375705013243,-0.23188146028074874,False,-0.45790168340578585,0.007827660583231548,1.2886093612889167,1.4474402839389011,-0.3283787586095057,0.6151488842147709,0.8317198055123245,-2.4059328271492904,1.6130254873023926,0.013818807297954372,-0.3555386020667479
73,6,0.6442391867361812,0.0375,0.6,-0.0016431264099950515,-0.06011319455408723,0.06011319455408723,0.02261319455408723,-0.1789105102914849,False,-0.3906339906492673,0.5042344347271298,1.2122431820913226,2.933276430207333,0.48030644490062624,0.5504311275895677,1.0540902112639374,-2.044249698798698,0.9100290671746265,0.09758466235700292,-0.3040691041170763
74,6,-0.41402017508109423,0.0375,0.6,0.013360314623958218,-0.08095872101128064,0.08095872101128064,0.04345872101128064,-0.17534637237919481,False,-0.356271038296168,0.25570445440048034,1.0091765146670273,2.4038794671250487,-1.022196925757143,0.5440244267365545,0.9794263104149017,-2.3034069951067084,0.544657617006882,0.1212709534665215,-0.3998676606011767
75,6,0.24360395828052284,0.0375,0.6,0.030890959002665377,-0.0586833080981633,0.0586833080981633,0.021183308098163302,-0.22974199694235412,False,-0.6236604341754227,0.3324401784328779,1.0672447696964071,1.876944234882501,-0.8978473171379004,0.576178651009045,1.1507954912061789,-2.461876623843808,-1.2637155748792495,0.1542302345650436,-0.37081778407073573
76,6,1.3036317820421874,0.0375,0.6,0.011070553073840575,-0.030601743197395847,0.030601743197395847,0.006898256802604152,-0.10963402172869952,False,-0.5088720386817425,0.49897597683053685,1.0064474128830019,1.6637394278035993,0.16104063185264872,0.5069085745902533,0.8730179320391029,-2.994822183290805,0.09260414648062598,-0.03697327374030768,-0.3969833189231327
77,6,1.3942715494846223,0.0375,0.6,0.009543234931886456,-0.02848376523940303,0.02848376523940303,0.009016234760596969,-0.04185252960746011,False,-0.5676599532309956,0.013651805797643352,1.195947707238791,1.9783376828603787,-1.712017095713758,0.5802112883105466,0.8955577526820226,-2.3584048554748938,-0.27658131731018054,-0.07683981730416628,-0.32555866807743655
78,6,0.6689567689750291,0.0375,0.6,-0.029491811173699537,-0.024900865014573018,0.024900865014573018,0.012599134985426981,-0.09363740566706968,False,-0.7090581855840477,0.1392904312799193,1.0132641745246316,2.7529555944328123,-0.1803063670747571,0.30015735019022155,0.9405523431506798,-1.0411373064048606,-0.5679642773797191,0.12581448185803368,-0.3701092133534798
79,6,1.295175545325236,0.0375,0.6,0.00735822028308884,-0.03064207958701448,0.03064207958701448,0.006857920412985517,-0.123163165010529,False,-0.5512405208424453,0.027469413099754276,1.0549004598855052,2.349963308993864,-1.394157009517025,0.4000785381986285,1.0383733776059356,-1.8617101277931738,0.9662488606416275,-0.02849440063558817,-0.25611908873887823
80,6,0.05236124706635231,0.0375,0.6,-0.0568286990181272,-0.01904694203011396,0.01904694203011396,0.018453057969886038,-0.018601129358862007,False,-0.762589235287408,0.1540163482673283,1.074700514512069,1.7236389786457949,-0.9901958395615389,0.42362200345034284,1.0739315114955983,-0.6906184692435122,0.9260176347047091,-0.15325344021007403,-0.38685243154741217
81,6,-1.076370309431654,0.0375,0.6,0.0405060978396771,-0.08679688994059616,0.08679688994059616,0.04929688994059616,-0.23680431612846534,False,-0.5242101378280011,0.24817456008440097,1.1161511792070344,2.749058891539079,-0.6036274354637055,0.5431931418621831,1.0323088184030726,-2.4314283366738914,-0.12929177546266946,0.05854467118160145,-0.3764456627300789
82,6,-0.8487817925127598,0.0375,0.6,0.03110282437520948,-0.08732370825667424,0.08732370825667424,0.04982370825667424,-0.19450153738641698,False,-0.8914387798107871,0.2813254074862903,1.238324289900675,1.8411583193053724,-0.7148862494989117,0.4188929741199432,1.300310369869911,-2.359365459597552,1.018701432975016,0.006585651054151431,-0.2679758620067991
83,6,-0.04796380192524216,0.0375,0.6,0.009608577083841769,-0.0749657068702884,0.0749657068702884,0.037465706870288405,-0.14509740817067582,False,-0.7601541420650602,0.17119259697943676,1.0326587039300175,1.2195346228895163,0.48319423759222113,0.6530547234059759,1.0244418819132763,-1.8487340221827742,-0.4482281865404856,0.0903320343748023,-0.3465572333653611
84,7,-3.9515916016934285,0.0375,0.6,0.0032809186186482722,0.016597408661516544,-0.016597408661516544,0.05409740866151654,0.0196487335325702,False,-0.5012189484351789,0.21291328585051433,1.033624008428182,2.086550673862188,-1.7113410902832005,0.3946213118671653,0.8741663550221974,-2.1530051732722755,0.6439183102516091,-0.26764755694180664,-0.31247368368126693
85,7,-1.2555240158559529,0.0375,0.6,0.03222718598528547,-0.09269333002407631,0.09269333002407631,0.055193330024076316,-0.267635677308563,False,-0.5227473213051193,0.06865683966539066,1.228941717411273,1.3256458578265304,0.3531089936612348,0.49494048163906523,1.2426676835894268,-2.534621279809503,0.019079408930609887,0.06754135413672213,-0.3970045239793979
86,7,1.5803431693389047,0.0375,0.6,0.011022060280669781,-0.03453939675726373,0.03453939675726373,0.0029606032427362677,-0.07116340835653112,False,-0.5010105285168693,0.14233419966404603,1.3964115906977292,1.6148733408980878,-2.0327037298563786,0.6997567171179485,0.8365310921198976,-2.2137149743601667,-1.1554186918887275,-0.11041411994645589,-0.39879082742086586
87,7,1.0718453896960158,0.0375,0.6,0.013311936884406192,-0.02686289613601509,0.02686289613601509,0.01063710386398491,-0.0798085875053441,False,-0.48826190385427815,0.36342187385551417,1.0674431619529416,1.0971596840731976,-0.8287282309327009,0.7088636092616757,1.2736850556312478,-2.6847096628649822,-1.5022047784377244,-0.08978248425716406,-0.3959142667615942
88,7,-0.48287887077677155,0.0375,0.6,0.012223840410528012,-0.009816340123474716,0.009816340123474716,0.027683659876525282,-0.0355084719031562,False,-0.5903870577192616,0.315752383227032,1.3045912123548464,1.9100730878069063,-1.231448857440311,0.4399477591663742,0.6314958949442363,-2.353218907265316,0.4426989438877933,-0.08608538629238383,-0.3490045202838873
89,7,-0.7136317322409069,0.0375,0.6,0.04716290849551682,-0.07465107626965183,0.07465107626965183,0.03715107626965183,-0.2317810337567585,False,-0.6189499369156173,0.15081416656704613,1.28615608591554,2.4849219186712928,-1.9412418690755981,0.5158111677633955,1.0318107089438395,-2.4672784134695824,-0.024212841325766732,0.0844987300181087,-0.39212546152644046
90,7,0.09669696328142527,0.0375,0.6,0.018048179544837745,-0.06857548841416221,0.06857548841416221,0.03107548841416221,-0.16743782327155898,False,-0.6613621704989752,0.2272644993344816,1.120121025575206,1.9363834480479998,0.043792623341301073,0.5783527069471044,1.0233977409959385,-2.845755206313004,-0.29936493151792787,0.03598339369499148,-0.3939717767239182
91,7,1.5540037561550908,0.0375,0.6,0.0008601655231540196,-0.03515720756989028,0.03515720756989028,0.002342792430109722,-0.11229777287624317,False,-0.5827063956062264,0.2888967944779814,0.9130792101342828,0.022148213238629033,-0.8714578841708951,0.5240274716527307,0.5168597505603832,-2.9982190211681,0.6440775380782675,0.2760633105776211,-0.25086757419186123
92,7,0.6474840206499899,0.0375,0.6,0.0038665508416221954,-0.063802007932181,0.063802007932181,0.026302007932181008,-0.12421060891170373,False,-0.691825211199604,0.18412410990387384,0.9769394131025008,2.447690733284584,0.23767815152397143,0.46084175558733587,0.8009836670048103,-1.6872278030862766,0.2898649297607747,0.1657322442527266,-0.3422158611629983
93,7,-0.038388604462297166,0.0375,0.6,0.015238400006790392,-0.07058521193758534,0.07058521193758534,0.03308521193758534,-0.18389607427381027,False,-0.3713571868991189,0.1821828494257579,1.0402604957735655,2.2395611954397534,-2.156563269413045,0.4418123730155014,1.0958758911060906,-2.24459174498746,1.5614705560797857,0.030378714278464836,-0.3399178973161639
94,7,1.5875400331668668,0.0375,0.6,0.002518958475075725,-0.03338554725353898,0.03338554725353898,0.004114452746461016,-0.08352210943259449,False,-0.5571511145964159,0.04026292694240263,1.0658846161457154,1.9928248931602859,-1.226015406543286,0.45600547524516954,0.711262328360663,-2.826494270046612,-0.5203833654361021,0.05402242140413116,-0.3006025218886551
95,7,0.7825313882497791,0.0375,0.6,0.0062624145330466155,-0.022975902603716042,0.022975902603716042,0.014524097396283957,-0.07158100370347897,False,-0.5827980627056514,0.15500685794888358,1.2187679816445662,1.4823064021221652,-0.6196986637409188,0.38790101931250237,1.0837197807121786,-2.9532634339481403,-1.552242487300398,-0.10644070337917455,-0.32761814826914615
96,8,-0.6854164723377063,0.0375,0.6,-0.0012366293712646704,-0.08447796446677402,0.08447796446677402,0.046977964466774026,-0.2562140561327278,False,-0.42465664053584895,0.19486336368534407,1.0639434062133384,0.2075602158467298,-1.2410291508548332,0.7617487746297148,0.7820405277022563,-1.322903486554385,-1.6905304287967444,0.16444737701217527,-0.3321363189074168
97,8,0.4698735802332059,0.0375,0.6,0.01524637306648414,-0.061766758455669445,0.061766758455669445,0.024266758455669446,-0.16780464508885698,False,-0.48879945320221996,0.19287463084732762,1.124066751940109,2.1369331496631254,-1.3590852595607725,0.3524632129178462,1.0114111439992373,-2.3520975669289994,0.08318707416528115,0.06664712543411278,-0.3949534948012917
98,8,1.3715806677443922,0.0375,0.6,0.009756228995507201,-0.033996629400758926,0.033996629400758926,0.003503370599241072,-0.12999317954971268,False,-0.6895164326198054,0.14362033960559878,1.1464777260202843,2.2377709047559264,-1.548371891757036,0.5206087518914282,0.942849399639911,-2.725315734708638,1.0790711503832568,-0.006759922817854758,-0.2926108863767792
99,8,0.23855646439322717,0.0375,0.6,0.02471298146871825,-0.06611030788655015,0.06611030788655015,0.028610307886550147,-0.14822715912999893,False,-0.671055345415063,0.14878236681178986,1.2763832163475,1.8047108385067423,-1.6355513746037418,0.4826612003618098,0.9036011339993351,-2.991842819654678,-0.9758730000935008,0.05737097862870444,-0.39999867963842667
100,8,1.306869217872769,0.0375,0.6,0.008102043832216433,-0.038886138709228725,0.038886138709228725,0.0013861387092287264,-0.17885370309218818,False,-0.35801228520399264,0.28951652317945,1.347099217858379,1.650795074127811,-1.1845676588055771,0.5337698153256284,0.4732103709221209,-2.5083382761141815,-0.7291165419383936,0.22653655693457886,-0.3999578888434335
101,8,-0.3517204098353067,0.0375,0.6,0.021441021791077264,-0.012866362497862537,0.012866362497862537,0.024633637502137463,-0.05475027081973175,False,-0.6867275556057337,0.06875049828072677,1.0223301357429602,2.040135277766617,-2.8222572089959495,0.6337264233650373,0.7429565516584139,-2.990528309005254,-1.6021163947796815,-0.2794431776835547,-0.33188494475372077
102,8,0.23891053168352172,0.0375,0.6,0.016084286187439623,-0.06673104505317766,0.06673104505317766,0.02923104505317766,-0.16226776648431818,False,-0.3367428218075663,0.20986721026796112,1.2184412615201712,0.20970784262013087,-0.1082342654079147,0.48719040917992235,0.8806058129779004,-2.1240212753144716,1.1112331724099151,0.16897184498250883,-0.3048663579707204
103,8,-0.8798778105328421,0.0375,0.6,0.009368815867634923,-0.0034008076953888993,0.0034008076953888993,0.0340991923046111,-0.0002799391564818343,False,-0.6274629020513711,0.0368056538889268,1.0781450109976631,2.0665692719079036,-0.33060463863832057,0.5123393162702663,0.4704921080376776,-2.2059294038709956,1.6973774617245727,-0.02531021614018386,-0.30493507134359826
104,8,1.3629564286873193,0.0375,0.6,-0.006070687162915293,-0.030054427738188977,0.030054427738188977,0.007445572261811022,-0.09992702859319769,False,-0.5834297889206361,0.18675582161450757,1.2889119440969359,1.855960558963841,-0.7665465615576825,0.43767749459550676,0.7705512234443229,-2.051231917555067,-0.9444166948815775,0.021649881918840208,-0.37009336537124154
105,8,1.2749409985346254,0.0375,0.6,0.001842567446267098,-0.027839952853521744,0.027839952853521744,0.009660047146478255,-0.0809681559686739,False,-0.6077802676431862,0.03012124101194387,1.2816287306649203,0.5570450464949288,-1.1934863349365494,0.4120526644923779,0.6217874515370793,-2.2940734443499657,0.07619865516362401,0.18451787261073205,-0.21992007030702304
106,8,1.1666650456101784,0.0375,0.6,0.018024744735965385,-0.04633459735612003,0.04633459735612003,0.008834597356120029,-0.1699388906704483,False,-0.6542747585387221,0.2659182707199315,0.9595093164328679,1.356589145980645,-1.852856886665717,0.3225475909009613,0.9870554357321116,-2.998287193459061,0.6203959789392184,0.11613820168901978,-0.38372163905441914
107,8,0.981589240470343,0.0375,0.6,0.004191753341583552,-0.05765537518704011,0.05765537518704011,0.02015537518704011,-0.10987871051016151,False,-0.5096692250833722,0.09449671146304289,0.9430196673961866,1.3737683224244783,-0.7528488118650016,0.5878066681821172,0.906469759988453,-2.9673387478696167,-1.8696370940050617,0.1229617211963756,-0.29342478889154366
108,9,-0.512755408336,0.0375,0.6,-0.004100813380765773,-0.011487678507112286,0.011487678507112286,0.026012321492887715,-0.11213747069511748,False,-0.6191772558665696,0.19549507424046167,1.2141849199664154,2.448521656393008,-0.8068146199936814,0.5806633219551369,1.1286892970705846,-2.0945776545748864,1.2569065794667447,0.002560112116093416,-0.26336997405196555
109,9,1.084664081844184,0.0375,0.6,0.004883038221825252,-0.02520278560479304,0.02520278560479304,0.012297214395206958,-0.05379774316001399,False,-0.7355730866828933,0.17878995588936963,1.2235872983580351,2.323520423592705,-2.5284042251365584,0.33579201203950315,0.7761153669233108,-2.984881298638103,-0.5412638046484899,0.024375441483040383,-0.345643877684932
110,9,0.9599243930183003,0.0375,0.6,0.020018332944004142,-0.05238417775174637,0.05238417775174637,0.014884177751746372,-0.1477766988664638,False,-0.8483615985763188,0.01629854153469232,1.0680242668598177,2.5539168396958907,-2.033906559992639,0.540915440624753,1.0327316052466944,-1.9733119516369466,0.10396798703076815,-0.027919190597780363,-0.3999996244256944
111,9,0.34213879623845733,0.0375,0.6,0.010126964007748887,-0.06450477741076961,0.06450477741076961,0.027004777410769613,-0.18532232648881575,False,-0.5910743888820171,0.22392271456694568,1.2041962059384863,1.607504228063414,-1.3425789777617254,0.5428293876548087,1.0391866787967718,-2.819540341966477,0.23766181113349516,0.10559818947175104,-0.3143125551313094
112,9,-0.8409495111040819,0.0375,0.6,0.006295025695818389,-0.0058418553755078375,0.0058418553755078375,0.03165814462449216,-0.05466488725051547,False,-0.36861534438074806,0.11919024414965959,1.1798754846109376,2.094321007600872,-0.16125427598272735,0.10604522355135027,0.953501188939811,-2.4240529562299935,0.14881390594731947,-0.016880073460977307,-0.3955505597544932
113,9,-0.4178007741820899,0.0375,0.6,0.0168764269878725,-0.012671879087823289,0.012671879087823289,0.02482812091217671,-0.08122939259522477,False,-0.8827594144773017,0.08054428986167594,1.2495763369640778,2.411707843109558,-2.3929648810583046,0.2157451684435986,0.7024168076741929,-2.979203788737064,0.6948597721635319,0.03403109461177212,-0.39293560868601324
114,9,0.7286335773140655,0.0375,0.6,0.00710602934707484,-0.021248983377784192,0.021248983377784192,0.016251016622215807,-0.03332647214050947,False,-0.5166288978856853,0.1423431589994143,1.4999940969102878,2.050039787445365,0.1716719497234127,0.4548343719455279,0.8456158440486002,-2.974277455329672,-0.03357752818046089,-0.16029668654396623,-0.3925838046896555
115,9,1.5144351311095257,0.0375,0.6,0.007114014492800439,-0.03865986713371796,0.03865986713371796,0.0011598671337179622,-0.12190411176544891,False,-0.6232248487195391,0.1786467300027224,1.1095703198418012,1.5379889513176055,-1.9093835110991089,0.37216314792615746,0.8779147371429491,-2.9514671979208833,0.04413368430602338,0.15196636298432975,-0.3998844188842005
116,9,1.5914040327419818,0.0375,0.6,0.01094041776257935,-0.038426697426842384,0.038426697426842384,0.000926697426842385,-0.08842517918620281,False,-0.7434540727753761,0.029233369248563925,1.202710019402257,0.9063482007740142,-1.0409466321628087,0.3627927581525181,0.9310077016803463,-2.8789834211705267,0.47743444460243634,-0.04730644915194371,-0.37216252361200397
117,9,0.8539372779832944,0.0375,0.6,-0.0021727256177826748,-0.06328786063585037,0.06328786063585037,0.025787860635850375,-0.07626663029006482,False,-0.6400603550152105,0.000607183486760205,1.1935724558554706,1.6910309201158302,-3.131458293652852,0.6232493958331666,0.6944859570295401,-2.498222850262011,-0.42184830588177835,0.04968422050851917,-0.3051248445220141
118,9,1.3237035104789532,0.0375,0.6,0.00885824559569601,-0.04617369583065132,0.04617369583065132,0.00867369583065132,-0.1523565983618093,False,-0.5777649681470349,0.07817597940103617,1.222833254952378,2.245067522471098,-1.3712152184202695,0.35109371666101746,0.9556708981025691,-2.99405355860737,1.317899075011562,0.12488132410967945,-0.360833279599336
119,9,0.5255835419962367,0.0375,0.6,0.009932717193772617,-0.06289207337202704,0.06289207337202704,0.025392073372027042,-0.15278207813588462,False,-0.6504725345757585,0.008426189728445554,0.9841804606620845,2.6802455856361798,-2.0647055658956597,0.4778975286352715,0.8663939534586625,-2.4033769959718416,1.006246001116737,0.06616670032463645,-0.34625430880089375
